"arbol_id","modelo_ganador","aic_browniano","aic_ou","intercepto","estimado","error_estandar","ic_inferior","ic_superior","valor_p"
"tree_1209","OU (corMartins)",-145.530709724404,-187.427996168328,1.61587639031225,0.0406605338772061,0.00966353620699357,0.0217203509481999,0.0596007168062123,3.56043930452501e-05
"tree_6081","OU (corMartins)",-161.469338050613,-198.291910781039,1.65381164419687,0.0270549599123124,0.0104073525418256,0.00665692375592275,0.047452996068702,0.00986881790645334
"tree_6497","OU (corMartins)",-185.303887302948,-219.328098465046,1.66911029843269,0.0253490158709156,0.00855114838165366,0.00858907301641646,0.0421089587254147,0.00331534878554699
"tree_7004","OU (corMartins)",585.802549448864,-81.5533885531737,1.53752631944493,0.0498735438917774,0.0109311610163447,0.0284488619905336,0.0712982257930212,7.8097510971923e-06
"tree_4107","OU (corMartins)",6.38344348600242,-117.455239411768,1.5807843088687,0.0456845382012152,0.00832758196120765,0.0293627774789428,0.0620062989234876,9.77950349137588e-08
"tree_2276","OU (corMartins)",216.215151560077,-82.233337645412,1.53479429684603,0.0516057635017966,0.0109951056307961,0.0300557524592228,0.0731557745443704,4.35529443725693e-06
"tree_2824","OU (corMartins)",-58.5389019637825,-135.358906883207,1.62626633923328,0.0301046607661449,0.0113681416038495,0.00782351265144848,0.0523858088808413,0.00858984410365982
"tree_1014","OU (corMartins)",73.1654826370401,-93.4294712599337,1.54554687791026,0.0510206901259674,0.011104718623146,0.02925584156615,0.0727855386857848,6.77971410728231e-06
"tree_3632","OU (corMartins)",-155.500223753566,-189.014127863015,1.67204461073162,0.0174813930495489,0.00544463593939583,0.00681010269940072,0.0281526833996972,0.00149105301266012
"tree_1772","OU (corMartins)",-181.383795394756,-211.320572888393,1.64783970125151,0.0307465803535181,0.0101178607084138,0.0109159377644341,0.0505772229426022,0.00261791795922809
"tree_0301","Browniano (corBrownian) -- OU no convergio",524.082197204879,NA,1.1560194097287,0.347724731737772,0.0236716087027335,0.30132923122429,0.394120232251255,6.03151571809786e-36
"tree_7971","OU (corMartins)",-65.1183638717906,-144.392604149882,1.62321224227545,0.0331985136904456,0.0111561887698164,0.0113327854968753,0.0550642418840159,0.00319858718980506
"tree_5672","OU (corMartins)",-84.948908548684,-158.963182950518,1.58141491577375,0.0555592934650354,0.0093056903474395,0.0373204755327719,0.0737981113972988,7.76203164164065e-09
"tree_1136","OU (corMartins)",317.476722351181,-81.2196770894769,1.53642175263884,0.0501843525138159,0.0109433531386858,0.0287357744918884,0.0716329305357433,7.04532299175428e-06
"tree_7383","OU (corMartins)",-199.71061893196,-226.974322445955,1.64807033457366,0.0358699439044282,0.00887338892067297,0.0184784211990925,0.053261466609764,6.98121303619372e-05
"tree_5086","OU (corMartins)",-105.262460616072,-165.349757330123,1.65507253904827,0.0243035267380685,0.00849187454627622,0.00765975846613469,0.0409472950100023,0.00455405087950209
"tree_6014","OU (corMartins)",-63.156694281931,-148.826451672241,1.58689264322438,0.0481382724721449,0.0111903681432177,0.0262055539376938,0.0700709910065959,2.40320045655387e-05
"tree_8315","OU (corMartins)",-66.7765647215878,-139.650862753629,1.68035655423522,0.00866349567313993,0.00787595718170519,-0.00677309674678183,0.0241000880930617,0.27235663178713
"tree_2755","OU (corMartins)",-69.9817551815401,-145.00270349422,1.62361235194049,0.0319751517206917,0.00936311717328447,0.0136237792780257,0.0503265241633578,0.000740219500201573
"tree_1801","OU (corMartins)",-32.7230353211351,-133.298950641276,1.58212795524491,0.0472694543196679,0.0116160347693243,0.0245024445286274,0.0700364641107085,6.26505828635178e-05
"tree_8911","OU (corMartins)",-105.858928979587,-179.022793824469,1.61627256326319,0.0397009434803826,0.0102755826240444,0.01956117161709,0.0598407153436751,0.00014125265065755
"tree_3177","OU (corMartins)",-37.8957544146637,-129.053277865371,1.6481441422315,0.0204643832825467,0.00931727837337272,0.00220285323680222,0.0387259133282912,0.0289505615169917
"tree_4837","OU (corMartins)",-118.608740526685,-171.885830933339,1.66871284820985,0.0165111354661179,0.00967126086948846,-0.002444187523171,0.0354664584554068,0.0889763991352022
"tree_2947","OU (corMartins)",-142.894181424315,-187.152622802979,1.61356656448814,0.0418846282396961,0.00806928063211955,0.0260691288195952,0.057700127659797,4.23886051517392e-07
"tree_6042","OU (corMartins)",-146.490975659801,-186.114285230762,1.61492360538343,0.0419108045067541,0.0103829494550876,0.0215605975214825,0.0622610114920256,7.14874570519214e-05
"tree_3581","OU (corMartins)",-76.0254711346064,-151.878150557699,1.6242733677705,0.0337857767418698,0.0100522455594476,0.0140837374815998,0.0534878160021398,0.000893701559567167
"tree_0503","OU (corMartins)",15.9138699025488,-109.58362461402,1.59014613813972,0.0401587124505002,0.00976849473647609,0.021012814583838,0.0593046103171624,5.29143310782036e-05
"tree_1986","OU (corMartins)",-76.6701791504098,-145.881896480653,1.58248101748803,0.0530428872500523,0.010893457565575,0.0316921027544099,0.0743936717456947,1.95083285397852e-06
"tree_4256","Browniano (corBrownian) -- OU no convergio",-22.9986871865739,NA,1.64709308283146,0.0665284192330732,0.011999978405553,0.0430088937429311,0.0900479447232154,7.2764212991739e-08
"tree_5936","OU (corMartins)",-76.2408956476438,-148.39581630224,1.61025616203301,0.0408604686532239,0.0114209829646214,0.0184757533745206,0.0632451839319273,0.000413657510313266
"tree_7588","OU (corMartins)",-63.1583508844183,-149.770021102371,1.58655524881834,0.0500346270395261,0.01060442466398,0.029250336621357,0.0708189174576952,3.89467533549841e-06
"tree_2309","OU (corMartins)",-70.0479288396722,-144.953256471133,1.57987438890468,0.0478972547292379,0.0109362450898956,0.0264626082269395,0.0693319012315363,1.72685471944952e-05
"tree_2740","OU (corMartins)",-155.863043021726,-198.815399483065,1.63928171906846,0.0398063640859183,0.0100653451459042,0.020078650107981,0.0595340780638556,9.89206252593576e-05
"tree_5396","OU (corMartins)",-125.922417402671,-177.891440222179,1.60503986002569,0.0421821262746331,0.0102025661889715,0.022185463994363,0.0621787885549032,4.80992775805347e-05
"tree_5988","OU (corMartins)",-80.6318234455595,-147.576201550676,1.60413918839354,0.0458372493696801,0.010872124305988,0.0245282772945012,0.0671462214448591,3.43853089928779e-05
"tree_6507","OU (corMartins)",38.7657235639441,-98.4811393713381,1.59912939535586,0.035869368353237,0.0111262840733169,0.0140622522877744,0.0576764844186997,0.0014270953331764
"tree_1043","OU (corMartins)",274.749057451774,-81.5002962380348,1.53655973392731,0.0502884447573245,0.0109355243421159,0.0288552108947163,0.0717216786199327,6.65680735172299e-06
"tree_4657","OU (corMartins)",-115.992459528278,-172.810984362219,1.66023376750726,0.0152629250931918,0.00886869456373717,-0.00211939684161926,0.0326452470280028,0.0864470359764714
"tree_3346","Browniano (corBrownian) -- OU no convergio",80.0365215731805,NA,1.49055033088583,0.161575090386479,0.00984776603579175,0.14227382362815,0.180876357144807,5.75022364889288e-42
"tree_4137","OU (corMartins)",139.439996571297,-83.5696002590427,1.54342043808575,0.0492391927654394,0.0111084894179948,0.0274669535835253,0.0710114319473536,1.3762027395268e-05
"tree_6074","OU (corMartins)",-2.22788953256008,-122.657841539193,1.57990992400115,0.0461251112694064,0.010907676530796,0.0247464581140334,0.0675037644247794,3.26264642546885e-05
"tree_1783","OU (corMartins)",-137.377569821223,-182.925075363302,1.59294796982067,0.0509816819420488,0.0100399379201249,0.031303765211586,0.0706595986725116,7.30217921581848e-07
"tree_9035","OU (corMartins)",-87.5455902765683,-156.496188031843,1.6345053544272,0.0339022218806942,0.0111168304328136,0.0121136346101408,0.0556908091512476,0.00252886809379866
"tree_0345","OU (corMartins)",-199.767538726546,-218.707697620951,1.73363450781742,-0.00296256678834216,0.00377155602654023,-0.010354680766036,0.00442954718935169,0.432876966441644
"tree_0065","OU (corMartins)",-29.821291013928,-129.639846705092,1.64165858213705,0.0222428715018807,0.00980484735422914,0.00302572381367879,0.0414600191900827,0.024118588232313
"tree_8834","OU (corMartins)",35.0541715523483,-108.649349730288,1.57730438798322,0.0466012598320235,0.0115463441533543,0.0239708411383445,0.0692316785257025,7.1626280369368e-05
"tree_4100","OU (corMartins)",756.98411618289,-82.1036778581112,1.53794482322804,0.0496526491967934,0.0109631989692387,0.0281651740617388,0.071140124331848,9.04822531259104e-06
"tree_0875","OU (corMartins)",350.091364665,-82.2533722966793,1.53779004916545,0.049728643141299,0.0109671941142035,0.0282333376660004,0.0712239486165976,8.84113079545826e-06
"tree_1704","OU (corMartins)",-96.0788311439107,-158.248801648384,1.61642688611297,0.0423524739437144,0.0109495171986629,0.0208918145862332,0.0638131333011955,0.000138889257394932
"tree_1270","OU (corMartins)",46.4180900569116,-95.4236164795619,1.58199457621454,0.0413104976842725,0.0118936675734935,0.0179993375961333,0.0646216577724117,0.000602332301064717
"tree_7080","OU (corMartins)",-118.796230746386,-175.147868136256,1.63716774110063,0.0281186909306145,0.0103676619343039,0.00779844693549203,0.048438934925737,0.00713246805311212
"tree_0294","Browniano (corBrownian) -- OU no convergio",25.7851212101635,NA,1.62035525557297,0.0890295925301045,0.0117603537520488,0.0659797227306384,0.112079462329571,6.55155059477975e-13
"tree_0730","OU (corMartins)",-97.0959116785392,-157.641123755362,1.55599403619603,0.0709907539450155,0.0109553064383142,0.0495187478863198,0.0924627600037111,4.59747141734809e-10
"tree_8084","OU (corMartins)",-117.630662782331,-173.899084268652,1.65463025689529,0.0280651787294931,0.00956246748911632,0.00932308684748991,0.0468072706114962,0.00363565311101496
"tree_4663","OU (corMartins)",-106.264847422798,-161.223566808006,1.64720465981824,0.0242424854454005,0.0103676311513104,0.00392230178383655,0.0445626691069644,0.0201338433503503
"tree_1300","OU (corMartins)",-98.2867219404245,-159.5314201232,1.63051281227219,0.0312447618677168,0.0099997028422197,0.0116457044408633,0.0508438192945702,0.0019832247767047
"tree_9817","OU (corMartins)",-165.995150203771,-201.751723733245,1.58751106730121,0.0603704902078029,0.00925333441244781,0.0422342880225001,0.0785066923931057,3.57208183479719e-10
"tree_5564","OU (corMartins)",-123.317822427283,-174.73775504187,1.67742823853328,0.0134382817072995,0.00806457787158914,-0.00236800047153395,0.0292445638861329,0.096855743848064
"tree_7598","OU (corMartins)",-173.41310656526,-211.847069705718,1.63721680557624,0.0321886684739376,0.00930804936647932,0.0139452269493173,0.0504321099985579,0.000635674694258985
"tree_1363","OU (corMartins)",-172.067275960048,-204.328839378788,1.62544756039555,0.0424124564655463,0.00991807169693427,0.0229733931434691,0.0618515197876236,2.67477583507911e-05
"tree_0197","OU (corMartins)",-130.581437959922,-182.05251722263,1.62617088717092,0.0413137895309977,0.00923881473849854,0.0232060453837027,0.0594215336782927,1.16159540139478e-05
"tree_8583","OU (corMartins)",-134.056217149145,-186.274069514365,1.61596681131338,0.0429079439621472,0.00977686233965877,0.02374564589461,0.0620702420296844,1.6613751809869e-05
"tree_7794","OU (corMartins)",-60.6647850833368,-145.912006885089,1.54501618418614,0.0684863523505803,0.0107384364388075,0.0474394036802451,0.0895333010209156,8.21521275762246e-10
"tree_5003","Browniano (corBrownian) -- OU no convergio",-10.6888419406097,NA,1.68419875053575,0.0384472932820706,0.0108321669051838,0.0172166362733836,0.0596779502907576,0.000458440783760303
"tree_8133","OU (corMartins)",62.4221916466473,-108.123853408562,1.55927476598112,0.0498465129926216,0.0105551773029532,0.0291587456283987,0.0705342803568445,3.82147857513855e-06
"tree_0530","OU (corMartins)",-186.26133561811,-215.378813951576,1.63621060132935,0.0381414983276987,0.00951141030125073,0.019499476695064,0.0567835199603334,7.94503448093756e-05
"tree_7177","OU (corMartins)",-107.815676257769,-172.2219157895,1.61669212299351,0.0357607629017437,0.0114501780963847,0.0133188262162602,0.0582026995872272,0.00199237966330403
"tree_8143","OU (corMartins)",-25.2715084125874,-115.648763389114,1.6960403130332,-0.000462467024308922,0.00954345899872543,-0.0191673029497454,0.0182423689011276,0.961387740570994
"tree_6052","OU (corMartins)",-118.202203902195,-177.235372456215,1.60850927818743,0.0426276033595458,0.00972582162494463,0.0235653432545935,0.0616898634644981,1.70303730907685e-05
"tree_1083","OU (corMartins)",-136.52412268374,-187.535293113087,1.60735107424671,0.0445084680942637,0.00993947380523105,0.0250274574107315,0.0639894787777958,1.13079740368367e-05
"tree_8946","OU (corMartins)",-134.589267914395,-187.008736441627,1.63575624708752,0.0294082620065809,0.00990922292701166,0.00998654195485951,0.0488299820583024,0.00328043905081064
"tree_1873","OU (corMartins)",17.7157604545918,-104.654955487755,1.59604242461111,0.0362896158543453,0.0120588214137602,0.012654760187375,0.0599244715213156,0.00287597118230428
"tree_1907","OU (corMartins)",77.7584219026427,-86.5544042740022,1.56020734340769,0.0468075337281835,0.0114441933735317,0.0243773268839495,0.0692377405724175,5.76141778279785e-05
"tree_8744","OU (corMartins)",-48.9121292184592,-139.687825015543,1.62805633896156,0.0265776429417786,0.0111804647911168,0.00466433462077156,0.0484909512627856,0.0181737970035179
"tree_2963","OU (corMartins)",-169.797988066088,-206.340086649496,1.60985784978107,0.050117920001972,0.00915866612044137,0.0321672642594798,0.0680685757444643,1.04843302009402e-07
"tree_4158","OU (corMartins)",36.7012257798041,-83.633259427795,1.6205546541582,0.0223394972137897,0.0112451429675294,0.000299421996428153,0.0443795724311513,0.0480215256311387
"tree_2286","OU (corMartins)",119.078991263592,-88.7093312933426,1.54506290051891,0.0496091069893487,0.0107081433908673,0.0286215316019581,0.0705966823767392,5.71713575901958e-06
"tree_3527","OU (corMartins)",31.1088655595207,-90.4407462754278,1.47710948083168,0.0967033547121423,0.00782500056726263,0.081366635421302,0.112040074002983,6.88527345637208e-28
"tree_4789","OU (corMartins)",-35.2621053277643,-130.26633496213,1.58312444371029,0.0502319363926062,0.011159771786891,0.0283591856146136,0.0721046871705987,1.02209795956285e-05
"tree_2180","OU (corMartins)",-149.877179125713,-191.792535730807,1.66532983568202,0.0198197276079246,0.00936824942756373,0.00145829613171171,0.0381811590841375,0.0353311504700955
"tree_9639","OU (corMartins)",187.725148022794,-81.7157468525504,1.53696374816781,0.050297202249157,0.0109366358185359,0.028861789932796,0.071732614565518,6.64696993620716e-06
"tree_8299","OU (corMartins)",-140.309985547894,-188.728206701246,1.68833410668195,0.0107986128300484,0.00874656185151538,-0.00634433338747372,0.0279415590475705,0.218093765864035
"tree_1689","OU (corMartins)",-163.64201247106,-196.401748578282,1.67570638485693,0.0172829660271837,0.00953537359331341,-0.00140602279484483,0.0359719548492123,0.0710651510462875
"tree_5572","OU (corMartins)",80.2553225101345,-92.283981954147,1.5634134030946,0.0473034584892509,0.0110351075925091,0.0256750450424086,0.0689318719360932,2.56106408275746e-05
"tree_7358","OU (corMartins)",38.511120886861,-86.707437517077,1.63979305377758,0.0113076529156679,0.0103950330272122,-0.00906623743577227,0.0316815432671082,0.277697358109087
"tree_4861","Browniano (corBrownian) -- OU no convergio",190.933863673707,NA,1.83795029560479,-0.0421107445466476,0.0169467505378576,-0.0753257652558333,-0.00889572383746188,0.0135913756987493
"tree_8188","OU (corMartins)",-135.785654079522,-185.14517584858,1.65924262093969,0.0210890209090415,0.0109353608132769,-0.000343892442931832,0.0425219342610149,0.0548838546742844
"tree_2106","OU (corMartins)",-104.326886964633,-158.420225918748,1.6212434957304,0.0348296156118534,0.0112747377886239,0.0127315356110178,0.056927695612689,0.0022257646284801
"tree_8987","OU (corMartins)",170.157313781985,-81.5169617059661,1.54104660617843,0.0485270105484233,0.0109013571503629,0.0271607431511038,0.0698932779457428,1.26838839290977e-05
"tree_0740","OU (corMartins)",-103.252294717268,-161.070821385799,1.62046287642233,0.0365589290930566,0.0110340475956142,0.0149325932019519,0.0581852649841613,0.00105360889781438
"tree_3295","Browniano (corBrownian) -- OU no convergio",5.01243349020012,NA,1.63975824893108,0.0732851544922944,0.010989511038808,0.0517461086485254,0.0948242003360634,1.55188458797933e-10
"tree_7977","Browniano (corBrownian) -- OU no convergio",359.0041407581,NA,1.3468915263398,0.250657150899948,0.0196719756767594,0.212100787068752,0.289213514731144,3.38689902481635e-29
"tree_1108","OU (corMartins)",-44.1359417953689,-133.560642454791,1.62697393758979,0.0305435705280318,0.0108319048001252,0.00931342723581984,0.0517737138202438,0.00517719995241182
"tree_3390","Browniano (corBrownian) -- OU no convergio",-32.5676607184868,NA,1.72868125115933,0.0271676802703944,0.0112374644840074,0.00514265460419189,0.0491927059365968,0.0163142449018761
"tree_6918","OU (corMartins)",-157.875616070945,-200.786141858795,1.62732456806819,0.0388225315672846,0.0103053774829559,0.018624362853601,0.0590207002809682,0.000204402578258202
"tree_5416","OU (corMartins)",-17.8601504469897,-111.502799850654,1.71126806332808,-0.0118096827049574,0.00739060037028954,-0.0262949932548533,0.00267562784493845,0.111277184285061
"tree_8157","OU (corMartins)",-126.796947936585,-182.045403882385,1.63507290843401,0.0315998702308427,0.010644862381723,0.0107363233422804,0.052463417119405,0.00327230605277347
"tree_8159","OU (corMartins)",285.548920011607,-81.4950939952091,1.53656369156037,0.0502757535402253,0.0109346851076555,0.0288441645469341,0.0717073425335165,6.68069792745831e-06
"tree_5105","OU (corMartins)",-174.961353581083,-200.517105617907,1.64995332024209,0.0361974723144545,0.00976532254353612,0.0170577918317066,0.0553371527972024,0.000256756414355086
"tree_3806","OU (corMartins)",-135.069280670425,-188.963469659899,1.65526648082127,0.0218680093773133,0.00930104275012879,0.00363830056839346,0.0400977181862331,0.0194661993534051
